{"train_loss": [269771213198677.34, 267288218785109.34, 259390724636672.0, 263090215408981.34, 265843885036885.34, 262842846543872.0], "val_loss": [332418045181952.0, 332418045181952.0, 332418045181952.0, 332418045181952.0, 332418045181952.0, 332418045181952.0], "train_mae": [8360833.833333333, 8349904.666666667, 8206459.583333333, 8234008.166666667, 8282976.25, 8238722.0], "val_mae": [9900593.0, 9900593.0, 9900593.0, 9900593.0, 9900593.0, 9900593.0]}